YEAR,INDICATOR_NAME,DATA_VALUE
1996,Summer_Sablefish_Condition_Female_Age4_GOA_Survey,0.0041171561597808165
1997,Summer_Sablefish_Condition_Female_Age4_GOA_Survey,-0.01670081693398998
1998,Summer_Sablefish_Condition_Female_Age4_GOA_Survey,-0.00348595546538483
1999,Summer_Sablefish_Condition_Female_Age4_GOA_Survey,-0.011413679836032638
2000,Summer_Sablefish_Condition_Female_Age4_GOA_Survey,0.013924556504144807
2001,Summer_Sablefish_Condition_Female_Age4_GOA_Survey,0.03434476071037461
2002,Summer_Sablefish_Condition_Female_Age4_GOA_Survey,-0.0021786737408549116
2003,Summer_Sablefish_Condition_Female_Age4_GOA_Survey,-0.013016054080750156
2004,Summer_Sablefish_Condition_Female_Age4_GOA_Survey,0.03246361026057857
2005,Summer_Sablefish_Condition_Female_Age4_GOA_Survey,-0.008781643562589255
2006,Summer_Sablefish_Condition_Female_Age4_GOA_Survey,0.015057820590840341
2007,Summer_Sablefish_Condition_Female_Age4_GOA_Survey,-0.01980085373041705
2008,Summer_Sablefish_Condition_Female_Age4_GOA_Survey,0.01657089673274357
2009,Summer_Sablefish_Condition_Female_Age4_GOA_Survey,0.043460908542414134
2010,Summer_Sablefish_Condition_Female_Age4_GOA_Survey,0.009443004721456608
2011,Summer_Sablefish_Condition_Female_Age4_GOA_Survey,-0.02479220321550229
2012,Summer_Sablefish_Condition_Female_Age4_GOA_Survey,0.012510180177937832
2013,Summer_Sablefish_Condition_Female_Age4_GOA_Survey,-0.008762239709680241
2014,Summer_Sablefish_Condition_Female_Age4_GOA_Survey,0.009767011916792176
2015,Summer_Sablefish_Condition_Female_Age4_GOA_Survey,-0.04444056916262471
2016,Summer_Sablefish_Condition_Female_Age4_GOA_Survey,-0.0016538759901313517
2017,Summer_Sablefish_Condition_Female_Age4_GOA_Survey,-0.06276245182845244
2018,Summer_Sablefish_Condition_Female_Age4_GOA_Survey,-0.015289460194472018
2019,Summer_Sablefish_Condition_Female_Age4_GOA_Survey,-0.02938647903856624
2020,Summer_Sablefish_Condition_Female_Age4_GOA_Survey,-0.008843867624091442
2021,Summer_Sablefish_Condition_Female_Age4_GOA_Survey,0.026111455529469085
2022,Summer_Sablefish_Condition_Female_Age4_GOA_Survey,-0.03654033341486437
