indicator,year,n,mean_wt_resid,se_wt_resid
BSAI Fishery: Large females >= 75 cm,1999,125,-0.047239712623820956,0.01868538304137013
BSAI Fishery: Large females >= 75 cm,2000,143,0.0026485622022595725,0.012691605652125546
BSAI Fishery: Large females >= 75 cm,2001,90,-0.016756291143442188,0.013153984391935197
BSAI Fishery: Large females >= 75 cm,2002,151,-0.026458477184822058,0.017209437822539184
BSAI Fishery: Large females >= 75 cm,2003,172,0.004823761424201786,0.009376261442869304
BSAI Fishery: Large females >= 75 cm,2004,142,0.018064971155508463,0.010469065058096949
BSAI Fishery: Large females >= 75 cm,2005,62,0.004777658436997357,0.020674853103886285
BSAI Fishery: Large females >= 75 cm,2006,64,-0.07934696925289919,0.02767922202977546
BSAI Fishery: Large females >= 75 cm,2007,94,-0.03436740529262783,0.016048529467141227
BSAI Fishery: Large females >= 75 cm,2008,137,-0.026753092918125426,0.010747781167258648
BSAI Fishery: Large females >= 75 cm,2009,335,-0.028360863877500222,0.006675520220188993
BSAI Fishery: Large females >= 75 cm,2010,225,-0.00901556395745637,0.00919591415055207
BSAI Fishery: Large females >= 75 cm,2011,152,0.012310134803429101,0.010890931275350365
BSAI Fishery: Large females >= 75 cm,2012,240,0.026641963988644,0.008655203151373045
BSAI Fishery: Large females >= 75 cm,2013,459,0.022305103591736493,0.006105030289284871
BSAI Fishery: Large females >= 75 cm,2014,125,-0.03006894337656655,0.011697461488835652
BSAI Fishery: Large females >= 75 cm,2015,221,-0.03810695386514698,0.01097913421851714
BSAI Fishery: Large females >= 75 cm,2016,55,-0.009551037463876593,0.014633238193955274
BSAI Fishery: Large females >= 75 cm,2017,1,NA,NA
BSAI Fishery: Large females >= 75 cm,2018,3,NA,NA
BSAI Fishery: Large females >= 75 cm,2019,1,NA,NA
BSAI Fishery: Large females >= 75 cm,2021,1,NA,NA
BSAI Fishery: Large females >= 75 cm,2022,23,-0.42267840736538814,0.0350398146064879
BSAI Fishery: Large females >= 75 cm,2023,6,NA,NA
GOA Fishery: Large females >= 75 cm,1999,317,0.014342894990732501,0.008075793719874087
GOA Fishery: Large females >= 75 cm,2000,473,0.0408860157174297,0.006244389635118784
GOA Fishery: Large females >= 75 cm,2001,416,-0.002381003278575266,0.008737626959623341
GOA Fishery: Large females >= 75 cm,2002,342,0.030052035531497316,0.007364471452688436
GOA Fishery: Large females >= 75 cm,2003,334,-0.0016894864375184893,0.007935392352313162
GOA Fishery: Large females >= 75 cm,2004,267,-0.0186331074513861,0.01010260977459796
GOA Fishery: Large females >= 75 cm,2005,316,-0.006155988825810206,0.009022583417308347
GOA Fishery: Large females >= 75 cm,2006,380,-0.03006239365467001,0.006921817139894368
GOA Fishery: Large females >= 75 cm,2007,349,-0.027483603598427404,0.006971397055665331
GOA Fishery: Large females >= 75 cm,2008,373,-0.011256425957909618,0.007962439979694601
GOA Fishery: Large females >= 75 cm,2009,302,-0.019164457385225476,0.0077735745804583326
GOA Fishery: Large females >= 75 cm,2010,304,-0.0256044839441868,0.0079059342319795
GOA Fishery: Large females >= 75 cm,2011,237,-0.0074190608306987866,0.008745456564337926
GOA Fishery: Large females >= 75 cm,2012,341,-0.03825240305833715,0.006466050290235024
GOA Fishery: Large females >= 75 cm,2013,341,-0.04803820704618148,0.009305813543386127
GOA Fishery: Large females >= 75 cm,2014,385,-0.023490540679077448,0.007683432748192731
GOA Fishery: Large females >= 75 cm,2015,409,-0.03677786025543571,0.00736293866170199
GOA Fishery: Large females >= 75 cm,2016,379,3.971229369163192e-4,0.008314154696958356
GOA Fishery: Large females >= 75 cm,2017,277,-0.014985250046707813,0.007725841337119611
GOA Fishery: Large females >= 75 cm,2018,261,-0.012288813508452312,0.009370820317377926
GOA Fishery: Large females >= 75 cm,2019,190,-0.010831691834838756,0.011222020765129823
GOA Fishery: Large females >= 75 cm,2020,67,0.016395079304465415,0.017722306649064094
GOA Fishery: Large females >= 75 cm,2021,67,-0.025245314152851722,0.01901067748138941
GOA Fishery: Large females >= 75 cm,2022,54,-0.07279062280968986,0.029385771193721863
GOA Fishery: Large females >= 75 cm,2023,86,0.008230706975692,0.013609723652691044
GOA Fishery: Large females >= 75 cm,2024,29,-0.0011311810188293597,0.0221670835239156
GOA LL Survey: Age-4 immature females,1996,37,0.0042522884354310505,0.01613916874691428
GOA LL Survey: Age-4 immature females,1997,23,-0.016858341400037117,0.015315162708853051
GOA LL Survey: Age-4 immature females,1998,54,-0.004120099644613448,0.01341041556891817
GOA LL Survey: Age-4 immature females,1999,60,-0.012058570137879034,0.010493826529930568
GOA LL Survey: Age-4 immature females,2000,37,0.013172960529089346,0.014043164600931284
GOA LL Survey: Age-4 immature females,2001,97,0.0337765211109987,0.010050322323822384
GOA LL Survey: Age-4 immature females,2002,33,-0.002898551051116755,0.012294715113329642
GOA LL Survey: Age-4 immature females,2003,29,-0.014153994405440294,0.011162802125249182
GOA LL Survey: Age-4 immature females,2004,73,0.03168668427836702,0.014641969861174279
GOA LL Survey: Age-4 immature females,2005,20,-0.009362567673870274,0.03142766716440154
GOA LL Survey: Age-4 immature females,2006,18,0.014316165522233689,0.021930566699253307
GOA LL Survey: Age-4 immature females,2007,33,-0.02034593909811191,0.0120237156202581
GOA LL Survey: Age-4 immature females,2008,32,0.015838728936927497,0.013897849997087533
GOA LL Survey: Age-4 immature females,2009,21,0.042622377562312526,0.03263153503881318
GOA LL Survey: Age-4 immature females,2010,19,0.008529068681814859,0.018614254593686718
GOA LL Survey: Age-4 immature females,2011,28,-0.02622481499928922,0.012445411550730411
GOA LL Survey: Age-4 immature females,2012,36,0.011279246521849605,0.013220507375425725
GOA LL Survey: Age-4 immature females,2013,23,-0.010036321568977494,0.014636622551337164
GOA LL Survey: Age-4 immature females,2014,22,0.009025664815914027,0.018934516875357476
GOA LL Survey: Age-4 immature females,2015,16,-0.04545381408971895,0.01574333228674501
GOA LL Survey: Age-4 immature females,2016,22,-0.002829208616381215,0.019540912546425822
GOA LL Survey: Age-4 immature females,2017,54,-0.06339011835256624,0.010437373716632498
GOA LL Survey: Age-4 immature females,2018,144,-0.016076398130270394,0.006102920167379677
GOA LL Survey: Age-4 immature females,2019,75,-0.030447631775210548,0.009252977888987797
GOA LL Survey: Age-4 immature females,2020,191,-0.009978720272275081,0.005833789241037141
GOA LL Survey: Age-4 immature females,2021,50,0.025286168655074933,0.009590626796533133
GOA LL Survey: Age-4 immature females,2022,46,-0.03787053949678554,0.009805733892083382
GOA LL Survey: Age-4 immature females,2023,39,0.024784583506959945,0.011838104874533833
GOA LL Survey: Age-4 immature males,1996,28,0.0391150402371935,0.021454478831203064
GOA LL Survey: Age-4 immature males,1997,20,-0.05709780193496157,0.02467232820674298
GOA LL Survey: Age-4 immature males,1998,25,-0.01852943203873071,0.023709152864874454
GOA LL Survey: Age-4 immature males,1999,29,-7.458388594362423e-4,0.01707191975929434
GOA LL Survey: Age-4 immature males,2000,16,0.017858793886971085,0.0204952987475081
GOA LL Survey: Age-4 immature males,2001,77,0.05994013002662218,0.014207058428720944
GOA LL Survey: Age-4 immature males,2002,34,0.0038677150528354833,0.025158153822438727
GOA LL Survey: Age-4 immature males,2003,23,-0.022916247850345534,0.016604815278235385
GOA LL Survey: Age-4 immature males,2004,50,0.005374825476623745,0.01783876346830949
GOA LL Survey: Age-4 immature males,2005,42,-0.040832917213990017,0.025622331877049632
GOA LL Survey: Age-4 immature males,2006,21,-0.010667434461774986,0.019430837731212576
GOA LL Survey: Age-4 immature males,2007,31,-0.015071322862764929,0.017267527193985114
GOA LL Survey: Age-4 immature males,2008,29,0.025386979653761178,0.024744546429319017
GOA LL Survey: Age-4 immature males,2009,33,-0.028628213391741545,0.013055290539877567
GOA LL Survey: Age-4 immature males,2010,17,-0.028939931392410464,0.041144705088022676
GOA LL Survey: Age-4 immature males,2011,28,0.006945566437569599,0.02181424283301904
GOA LL Survey: Age-4 immature males,2012,34,-0.031204961466719812,0.01647141308978911
GOA LL Survey: Age-4 immature males,2013,24,-0.0023920991932084926,0.016417089831226826
GOA LL Survey: Age-4 immature males,2014,39,-0.03220622413587161,0.01142869550071028
GOA LL Survey: Age-4 immature males,2015,18,-0.032477053892863324,0.030959595285670317
GOA LL Survey: Age-4 immature males,2016,25,-0.020761383035995177,0.017877096457090718
GOA LL Survey: Age-4 immature males,2017,39,-0.0433735676204327,0.01504036509624983
GOA LL Survey: Age-4 immature males,2018,95,-0.0036354317784794013,0.006676274687851859
GOA LL Survey: Age-4 immature males,2019,91,-0.02162878889972812,0.009035166184458314
GOA LL Survey: Age-4 immature males,2020,141,-0.0038541227984289703,0.006874889604766205
GOA LL Survey: Age-4 immature males,2021,86,0.02418155003455467,0.00843915040656961
GOA LL Survey: Age-4 immature males,2022,60,-0.01815965204950973,0.011057847136062227
GOA LL Survey: Age-4 immature males,2023,45,-0.013398493212429455,0.01072418538160374
GOA LL Survey: Immature juvenile females <= 65 cm,1996,203,-0.02332085478949752,0.006381598166426735
GOA LL Survey: Immature juvenile females <= 65 cm,1997,229,-0.020607550518249716,0.005967409536597445
GOA LL Survey: Immature juvenile females <= 65 cm,1998,208,-0.014157592131364947,0.009040850352366018
GOA LL Survey: Immature juvenile females <= 65 cm,1999,325,-0.009597971790482641,0.0061507046783590025
GOA LL Survey: Immature juvenile females <= 65 cm,2000,256,-0.004295278850215719,0.005366668622255531
GOA LL Survey: Immature juvenile females <= 65 cm,2001,437,0.018340020368244895,0.0050780799814931
GOA LL Survey: Immature juvenile females <= 65 cm,2002,268,0.02941992511908732,0.00554324762108405
GOA LL Survey: Immature juvenile females <= 65 cm,2003,310,-0.011246497901739287,0.005209430680906019
GOA LL Survey: Immature juvenile females <= 65 cm,2004,445,0.025804037289373524,0.006322348554835367
GOA LL Survey: Immature juvenile females <= 65 cm,2005,242,-0.011749853251959565,0.006534271551538268
GOA LL Survey: Immature juvenile females <= 65 cm,2006,223,0.01402688180024206,0.005716028533400346
GOA LL Survey: Immature juvenile females <= 65 cm,2007,166,-0.00931593380903373,0.006640096362418506
GOA LL Survey: Immature juvenile females <= 65 cm,2008,153,-0.007718340792311193,0.0070850276525244275
GOA LL Survey: Immature juvenile females <= 65 cm,2009,163,-0.015314322918436518,0.00940457581322482
GOA LL Survey: Immature juvenile females <= 65 cm,2010,213,0.009815788137070623,0.007363780251761606
GOA LL Survey: Immature juvenile females <= 65 cm,2011,421,-0.018475284646991556,0.0038099552929814953
GOA LL Survey: Immature juvenile females <= 65 cm,2012,293,-0.0075308276920847145,0.004656840139728628
GOA LL Survey: Immature juvenile females <= 65 cm,2013,197,0.006016064609636217,0.0056191572410863476
GOA LL Survey: Immature juvenile females <= 65 cm,2014,160,0.01696041671232808,0.006559521669265604
GOA LL Survey: Immature juvenile females <= 65 cm,2015,187,-0.010926805857387492,0.006868144791424187
GOA LL Survey: Immature juvenile females <= 65 cm,2016,409,-0.010323485284986101,0.004124382987954717
GOA LL Survey: Immature juvenile females <= 65 cm,2017,430,-0.04183965022114252,0.004120736505083641
GOA LL Survey: Immature juvenile females <= 65 cm,2018,649,-0.011463068754057289,0.0030494635818015506
GOA LL Survey: Immature juvenile females <= 65 cm,2019,872,-0.02388196066414168,0.0030792004428290697
GOA LL Survey: Immature juvenile females <= 65 cm,2020,771,-0.012512490167983285,0.0030476903805003504
GOA LL Survey: Immature juvenile females <= 65 cm,2021,879,0.01585840316470803,0.0026205129651789474
GOA LL Survey: Immature juvenile females <= 65 cm,2022,1010,-0.010076188495822229,0.0028009710670948216
GOA LL Survey: Immature juvenile females <= 65 cm,2023,880,0.014177416651714056,0.0027636405699411146
GOA LL Survey: Large females >= 75 cm,1996,676,-0.013246494677322368,0.003640209648572488
GOA LL Survey: Large females >= 75 cm,1997,397,2.6150967962939913e-5,0.004999032268584364
GOA LL Survey: Large females >= 75 cm,1998,338,0.016800879988952033,0.006072441968919654
GOA LL Survey: Large females >= 75 cm,1999,417,0.01489306755295276,0.005009855826020474
GOA LL Survey: Large females >= 75 cm,2000,352,0.014946995246755683,0.004633060029789137
GOA LL Survey: Large females >= 75 cm,2001,344,0.00713736138080675,0.005488107348749885
GOA LL Survey: Large females >= 75 cm,2002,323,0.009116159467737183,0.0055154537813546685
GOA LL Survey: Large females >= 75 cm,2003,202,-0.00981933089981181,0.0074207297009058
GOA LL Survey: Large females >= 75 cm,2004,187,0.012872325934215011,0.008413176663012785
GOA LL Survey: Large females >= 75 cm,2005,203,-0.016652227431677248,0.007363832866072462
GOA LL Survey: Large females >= 75 cm,2006,259,-0.014182197452520612,0.006241271827251329
GOA LL Survey: Large females >= 75 cm,2007,250,-0.023019998518619716,0.0060352216877423755
GOA LL Survey: Large females >= 75 cm,2008,262,-0.005746675309181679,0.006478582448959124
GOA LL Survey: Large females >= 75 cm,2009,243,-0.013037754744946818,0.006343174650051471
GOA LL Survey: Large females >= 75 cm,2010,289,-0.0031366282149543844,0.005352344181852303
GOA LL Survey: Large females >= 75 cm,2011,270,-0.010743724792886452,0.005805449488233645
GOA LL Survey: Large females >= 75 cm,2012,194,-0.0037574525246447106,0.006820787543977855
GOA LL Survey: Large females >= 75 cm,2013,215,-0.0301825556630703,0.006556304790265136
GOA LL Survey: Large females >= 75 cm,2014,196,-0.005220534745823945,0.0061834649390719336
GOA LL Survey: Large females >= 75 cm,2015,162,-0.036419794350917564,0.007384398383449612
GOA LL Survey: Large females >= 75 cm,2016,156,-0.018073415811856897,0.007357417181653687
GOA LL Survey: Large females >= 75 cm,2017,161,-0.02604619305739636,0.007328944736185617
GOA LL Survey: Large females >= 75 cm,2018,97,0.007156965771239807,0.008641437865107963
GOA LL Survey: Large females >= 75 cm,2019,108,-0.010012612403915488,0.008442502314234566
GOA LL Survey: Large females >= 75 cm,2020,117,-0.0064073613325739244,0.0072561071575466055
GOA LL Survey: Large females >= 75 cm,2021,101,-0.015573329368043903,0.009635132393637528
GOA LL Survey: Large females >= 75 cm,2022,82,-0.022888187752943424,0.010614673423761102
GOA LL Survey: Large females >= 75 cm,2023,96,0.004568437605884626,0.00945276029006394
